Siruta,Localitate,Cluster
1017,Municipiul Alba Iulia,1
1071,Ciugud,1
1151,Oras Abrud,3
1213,Municipiul Aiud,1
1348,Municipiul Blaj,1
1455,Oras Campeni,1
1696,Oras Cugir,1
1794,Oras Ocna Mures,1
1874,Municipiul Sebes,1
1936,Oras Zlatna,1
2130,Albac,3
2309,Almasu Mare,3
2381,Arieseni,1
2577,Avram Iancu,3
2915,Oras Baia De Aries,3
2988,Berghin,3
3039,Bistra,3
3397,Blandiana,2
3459,Bucium,3
3761,Cenade,2
3805,Cergau,3
3841,Ceru-Bacainti,2
3958,Cetatea De Balta,2
4008,Ciuruleasa,3
4106,Calnic,2
4142,Cricau,3
4188,Craciunelu De Jos,3
4240,Daia Romana,3
4268,Dostat,2
4302,Farau,2
4366,Galda De Jos,3
4482,Garbova,3
4525,Garda De Sus,3
4703,Hoparta,2
4767,Horea,3
4927,Ighiu,1
4981,Intregalde,2
5103,Jidvei,2
5167,Livezile,3
5210,Lopadea Noua,3
5309,Lunca Muresului,3
5336,Lupsa,1
5577,Metes,3
5700,Mihalt,3
5755,Miraslau,3
5826,Mogos,2
6048,Noslac,3
6119,Ocolis,2
6164,Ohaba,2
6217,Pianu,1
6271,Poiana Vadului,2
6397,Ponor,2
6468,Posaga,3
6547,Radesti,2
6592,Rametea,3
6627,Ramet,2
6761,Rosia Montana,3
6930,Rosia De Secas,2
6976,Salciua,2
7044,Salistea,3
7099,Sasciori,3
7197,Scarisoara,2
7348,Sancel,3
7384,Santimbru,3
7446,Sohodol,3
7767,Stremt,3
7810,Sibot,3
7865,Sona,3
7945,Spring,3
8014,Sugag,3
8096,Oras Teius,1
8158,Unirea,1
8229,Vadu Motilor,3
8354,Valea Lunga,3
8425,Vidra,3
8826,Vintu De Jos,1
9019,Cut,2
9026,Bucerdea Granoasa,3
9262,Municipiul Arad,1
9280,Fantanele,1
9333,Livada,1
9360,Sofronea,1
9397,Vladimirescu,1
9459,Oras Chisineu-Cris,1
9495,Oras Curtici,3
9538,Oras Ineu,1
9574,Oras Lipova,1
9627,Oras Nadlac,1
9654,Oras Pancota,1
9690,Oras Sebis,1
9743,Almas,3
9798,Apateu,3
9832,Archis,3
9887,Bata,3
9930,Beliu,3
10006,Birchis,3
10051,Barsa,3
10104,Barzava,3
10195,Bocsig,3
10239,Brazii,2
10293,Buteni,1
10346,Carand,2
10373,Cermei,3
10417,Chisindia,3
10453,Conop,3
10514,Covasint,3
10532,Craiva,3
10649,Dezna,3
10701,Dieci,3
10765,Ususau,3
10827,Felnac,3
10872,Ghioroc,1
10916,Graniceri,3
10943,Gurahont,1
11058,Halmagiu,3
11174,Halmagel,3
11236,Hasmas,2
11307,Ignesti,2
11352,Iratosu,1
11398,Macea,1
11423,Misca,3
11478,Moneasa,3
11502,Olari,3
11539,Paulis,1
11584,Oras Pecica,1
11637,Peregu Mare,3
11664,Petris,2
11735,Pilu,3
11762,Plescuta,2
11842,Savarsin,3
11940,Secusigiu,3
11995,Seleus,3
12037,Semlac,3
12055,Sintea Mare,3
12091,Oras Santana,3
12126,Socodor,3
12144,Sagu,1
12206,Seitin,3
12224,Sepreus,3
12242,Sicula,3
12288,Silindia,2
12340,Simand,1
12368,Siria,1
12402,Sistarovat,3
12457,Taut,3
12509,Tarnova,1
12572,Varadia De Mures,2
12643,Vinga,3
12689,Varfurile,3
12778,Zabrani,3
12812,Zarand,3
12849,Zerind,3
12876,Zimandu Nou,3
12912,Dorobanti,3
12920,Frumuseni,3
12938,Zadareni,1
13169,Municipiul Pitesti,1
13187,Bascov,1
13276,Bradu,3
13301,Oras Mioveni,2
13365,Maracineni,1
13392,Oras Stefanesti,1
13490,Municipiul Campulung,1
13524,Valea Mare Pravat,1
13622,Municipiul Curtea De Arges,1
13668,Oras Costesti,1
13757,Oras Topoloveni,1
13819,Albestii De Arges,1
13891,Albestii De Muscel,2
13935,Albota,1
13999,Aninoasa,3
14049,Arefu,3
14085,Babana,3
14165,Baiculesti,3
14272,Balilesti,3
14352,Beleti-Negresti,3
14405,Berevoesti,2
14450,Barla,3
14584,Bogati,3
14673,Boteni,2
14726,Botesti,2
14753,Bradulet,2
14851,Budeasa,1
14922,Bughea De Jos,3
14940,Buzoesti,3
15064,Caldararu,3
15108,Calinesti,1
15233,Cateasca,1
15313,Cepari,3
15402,Cetateni,2
15448,Cicanesti,3
15493,Ciofrangeni,3
15554,Ciomagesti,2
15652,Cocu,3
15741,Corbeni,3
15830,Corbi,3
15901,Cosesti,3
15983,Cotmeana,3
16132,Cuca,3
16285,Davidesti,3
16329,Dambovicioara,3
16365,Darmanesti,2
16427,Dobresti,3
16454,Domnesti,1
16472,Dragoslavele,3
16506,Draganu,1
16551,Godeni,3
16613,Harsesti,3
16659,Hartiesti,2
16739,Izvoru,3
16757,Leordeni,1
16908,Leresti,3
16944,Lunca Corbului,3
17049,Malureni,3
17101,Merisani,1
17209,Micesti,3
17254,Mihaesti,3
17334,Mioarele,3
17398,Mirosi,2
17423,Moraresti,3
17496,Mosoaia,1
17575,Mozaceni,2
17619,Musatesti,3
17726,Negrasi,3
17771,Nucsoara,2
17824,Oarja,3
17851,Pietrosani,3
17913,Poienarii De Arges,2
17968,Poienarii De Muscel,3
18028,Poiana Lacului,3
18162,Popesti,2
18242,Priboieni,3
18331,Ratesti,3
18411,Recea,2
18475,Rociu,3
18527,Rucar,1
18554,Salatrucu,3
18581,Sapata,3
18670,Schitu Golesti,3
18741,Slobozia,3
18778,Stalpeni,1
18858,Stoenesti,3
18938,Stolnici,3
19007,Suseni,3
19114,Stefan Cel Mare,3
19141,Suici,3
19212,Teiu,2
19249,Tigveni,2
19338,Titesti,3
19392,Uda,3
19560,Ungheni,3
19631,Valea Danului,3
19695,Valea Iasului,1
19793,Vedea,3
19999,Vladesti,3
20048,Raca,2
20055,Vulturesti,3
20063,Bughea De Sus,3
20297,Municipiul Bacau,1
20313,Hemeius,1
20359,Letea Veche,1
20411,Magura,1
20466,Margineni,1
20563,Municipiul Onesti,1
20607,Gura Vaii,3
20670,Stefan Cel Mare,3
20778,Oras Buhusi,1
20821,Oras Comanesti,1
20876,Municipiul Moinesti,1
20910,Oras Slanic-Moldova,3
20965,Oras Targu Ocna,1
21007,Agas,3
21098,Ardeoani,2
21123,Asau,3
21196,Balcani,3
21249,Beresti-Bistrita,3
21338,Beresti-Tazlau,3
21418,Berzunti,2
21454,Barsanesti,3
21506,Blagesti,2
21560,Bogdanesti,2
21597,Brusturoasa,3
21668,Buhoci,3
21720,Casin,1
21757,Caiuti,3
21855,Cleja,3
21891,Colonesti,2
21971,Corbasca,3
22059,Cotofanesti,2
22111,Damienesti,2
22166,Oras Darmanesti,1
22237,Dealu Morii,2
22380,Dofteana,3
22460,Faraoani,3
22488,Filipeni,3
22576,Filipesti,1
22665,Gaiceana,2
22718,Ghimes-Faget,3
22781,Garleni,3
22834,Glavanesti,3
22898,Helegiu,3
22941,Horgesti,3
23047,Huruiesti,2
23127,Izvoru Berheciului,2
23207,Lipova,2
23289,Livezi,3
23350,Luizi-Calugara,3
23387,Magiresti,3
23449,Manastirea Casin,3
23494,Motoseni,3
23644,Negri,2
23715,Nicolae Balcescu,1
23797,Oituz,3
23868,Oncesti,2
23948,Orbeni,3
23975,Palanca,3
24034,Parava,3
24089,Parincea,2
24187,Pancesti,3
24276,Pargaresti,2
24338,Parjol,3
24427,Plopana,3
24524,Podu Turcului,3
24631,Poduri,3
24711,Racova,1
24766,Racaciuni,1
24837,Rachitoasa,3
24999,Rosiori,2
25068,Sascut,1
25148,Sanduleni,3
25228,Saucesti,1
25291,Scorteni,3
25362,Secuieni,3
25488,Solont,2
25521,Stanisesti,3
25629,Strugari,2
25692,Tamasi,3
25745,Tatarasti,2
25825,Targu Trotus,2
25861,Traian,1
25932,Ungureni,2
26029,Urechesti,1
26083,Valea Seaca,3
26118,Vultureni,2
26289,Zemes,3
26320,Sarata,3
26338,Buciumi,3
26346,Gioseni,3
26353,Odobesti,2
26361,Prajesti,3
26379,Itesti,3
26564,Municipiul Oradea,1
26582,Sanmartin,1
26653,Santandrei,1
26699,Oras Alesd,1
26742,Astileu,3
26804,Municipiul Beius,1
26840,Oras Stei,1
26877,Municipiul Marghita,1
26920,Oras Nucet,3
26975,Municipiul Salonta,1
27007,Oras Vascau,1
27070,Abram,3
27169,Abramut,1
27212,Auseu,1
27285,Avram Iancu,3
27329,Balc,3
27383,Batar,1
27436,Biharia,1
27506,Boianu Mare,2
27560,Borod,3
27631,Bors,1
27686,Bratca,3
27757,Brusturi,3
27846,Budureasa,1
27908,Buduslau,2
27935,Bulz,1
27971,Buntesti,1
28077,Cabesti,3
28139,Capalna,3
28193,Carpinet,3
28246,Cefa,3
28335,Ceica,3
28415,Cetariu,1
28497,Cherechiu,3
28530,Chislaz,3
28610,Ciuhoi,3
28665,Ciumeghiu,3
28709,Campani,1
28763,Cociuba Mare,3
28816,Copacel,3
28889,Cristioru De Jos,2
28941,Curatele,3
29001,Curtuiseni,3
29038,Derna,3
29092,Diosig,1
29154,Dobresti,1
29243,Draganesti,2
29341,Dragesti,3
29403,Finis,1
29467,Girisu De Cris,1
29519,Hidiselu De Sus,1
29573,Holod,1
29662,Husasau De Tinca,3
29724,Ineu,1
29760,Lazuri De Beius,3
29813,Lazareni,3
29902,Lugasu De Jos,1
29948,Lunca,1
30014,Madaras,3
30069,Magesti,1
30149,Nojorid,1
30229,Olcea,3
30274,Osorhei,1
30336,Pietroasa,3
30416,Pocola,3
30470,Pomezeu,3
30568,Popesti,1
30648,Rabagani,3
30719,Remetea,3
30773,Rieni,3
30844,Rosia,3
30871,Sacadat,3
30915,Oras Sacueni,1
30988,Salacea,3
31011,Salard,1
31057,Sambata,3
31128,Sarbi,3
31208,Spinus,3
31262,Suplacu De Barcau,1
31333,Simian,3
31379,Sinteu,3
31422,Soimi,3
31510,Suncuius,3
31565,Tarcea,2
31609,Tarcaia,3
31654,Tauteu,1
31716,Tileagd,1
31789,Tinca,1
31841,Tulca,3
31878,Tetchea,3
31921,Uileacu De Beius,3
31976,Vadu Crisului,1
32027,Oras Valea Lui Mihai,2
32045,Viisoara,2
32090,Varciorog,3
32153,Tamaseu,1
32161,Paleu,1
32179,Sannicolau Roman,3
32187,Rosiori,3
32195,Gepiu,3
32201,Toboliu,3
32394,Municipiul Bistrita,1
32483,Oras Beclean,1
32544,Oras Nasaud,1
32599,Oras Sangeorz-Bai,1
32633,Bistrita Bargaului,1
32660,Branistea,3
32704,Budacu De Jos,3
32768,Budesti,2
32811,Caianu Mic,3
32884,Cetate,3
32955,Ciceu-Giurgesti,3
33015,Chiochis,3
33122,Chiuza,3
33177,Cosbuc,3
33202,Dumitra,1
33248,Feldru,1
33275,Galatii Bistritei,3
33337,Ilva Mare,3
33364,Ilva Mica,2
33382,Josenii Bargaului,3
33435,Lechinta,1
33514,Lesu,3
33541,Livezile,1
33603,Lunca Ilvei,2
33621,Maieru,3
33658,Matei,2
33729,Magura Ilvei,3
33765,Mariselu,3
33845,Micestii De Campie,2
33881,Milas,2
33952,Monor,2
33989,Nimigea,3
34075,Nuseni,3
34155,Parva,3
34173,Petru Rares,3
34235,Prundu Bargaului,1
34262,Rebra,3
34280,Rebrisoara,3
34333,Rodna,1
34360,Romuli,2
34397,Salva,3
34422,Silivasu De Campie,2
34477,Sanmihaiu De Campie,2
34547,Spermezeu,3
34618,Sant,3
34645,Sieu,3
34690,Sieu-Magherus,1
34770,Sieu-Odorhei,3
34850,Sieut,3
34903,Sintereag,1
34985,Teaca,3
35054,Telciu,3
35090,Tiha Bargaului,3
35152,Tarlisua,3
35269,Uriu,3
35312,Urmenis,2
35429,Zagra,3
35731,Municipiul Botosani,1
35759,Curtesti,1
35839,Rachiti,3
35884,Stauceni,3
35946,Oras Darabani,1
36006,Municipiul Dorohoi,1
36060,Oras Saveni,3
36131,Albesti,3
36202,Avrameni,2
36300,Baluseni,3
36373,Braesti,3
36426,Broscauti,3
36453,Oras Bucecea,1
36499,Calarasi,2
36532,Concesti,2
36569,Copalau,3
36649,Cordareni,2
36676,Corlateni,2
36756,Corni,2
36809,Cotusca,3
36907,Cristesti,2
36952,Cristinesti,2
37011,Dersca,3
37057,Dangeni,2
37100,Dobarceni,2
37173,Draguseni,2
37217,Durnesti,2
37280,Oras Flamanzi,1
37324,Frumusica,3
37397,George Enescu,2
37459,Gorbanesti,3
37547,Havarna,3
37618,Hanesti,2
37672,Hiliseu-Horia,3
37734,Hlipiceni,3
37770,Hudesti,3
37823,Ibanesti,3
37850,Leorda,2
37912,Lunca,2
37958,Manoleasa,2
38063,Mihai Eminescu,1
38161,Mihaileni,3
38241,Mihalaseni,2
38321,Mileanca,2
38376,Mitoc,2
38456,Nicseni,2
38492,Paltinis,2
38544,Pomarla,2
38580,Prajeni,2
38633,Radauti-Prut,2
38679,Rauseni,3
38731,Ripiceni,2
38811,Roma,2
38848,Romanesti,2
38893,Santa Mare,2
38982,Suharau,3
39051,Sulita,3
39122,Sendriceni,3
39168,Oras Stefanesti,3
39220,Stiubieni,2
39266,Todireni,3
39328,Trusesti,3
39391,Tudora,3
39417,Ungureni,3
39532,Unteni,2
39612,Vaculesti,3
39658,Viisoara,2
39694,Varfu Campului,3
39738,Vladeni,3
39792,Vlasinesti,2
39836,Vorniceni,3
39872,Vorona,3
39942,Lozna,2
39959,Dimacheni,2
39967,Candesti,3
39975,Cosula,2
39983,Blandesti,2
40035,Adaseni,2
40198,Municipiul Brasov,1
40214,Oras Ghimbav,1
40241,Municipiul Codlea,1
40278,Municipiul Fagaras,1
40303,Oras Predeal,1
40367,Oras Rasnov,1
40394,Oras Rupea,1
40438,Municipiul Sacele,1
40465,Oras Victoria,3
40492,Oras Zarnesti,1
40526,Apata,3
40544,Beclean,3
40606,Bod,1
40633,Bran,1
40688,Budila,3
40704,Bunesti,3
40768,Cata,3
40820,Cincu,3
40857,Comana,3
40900,Cristian,3
40928,Dumbravita,3
40955,Feldioara,1
40991,Fundata,3
41033,Halchiu,1
41088,Harman,1
41113,Harseni,1
41177,Hoghiz,1
41248,Homorod,3
41284,Jibert,2
41346,Lisa,3
41382,Maierus,3
41417,Mandra,2
41471,Moieciu,1
41541,Ormenis,3
41578,Parau,2
41621,Poiana Marului,2
41667,Prejmer,1
41701,Racos,3
41738,Recea,1
41818,Sercaia,3
41854,Sinca,1
41925,Sanpetru,1
41943,Soars,3
42003,Tarlungeni,1
42058,Teliu,2
42076,Ticusu,2
42101,Ucea,3
42156,Ungra,2
42183,Vama Buzaului,3
42236,Vistea,3
42307,Voila,1
42398,Vulcan,1
42449,Sinca Noua,3
42456,Crizbav,3
42464,Sambata De Sus,1
42472,Holbav,2
42480,Dragus,3
42498,Augustin,2
42682,Municipiul Braila,1
42708,Chiscani,1
42753,Oras Faurei,1
42771,Surdila-Greci,2
42824,Baraganul,2
42842,Bertestii De Jos,2
42913,Bordei Verde,3
42968,Ciocile,3
43019,Ciresu,3
43073,Dudesti,3
43117,Frecatei,2
43180,Galbenu,2
43242,Gemenele,3
43279,Gradistea,3
43313,Gropeni,3
43331,Oras Ianca,1
43411,Oras Insuratei,1
43466,Jirlau,3
43493,Marasu,2
43563,Maxineni,2
43625,Mircea Voda,3
43652,Movila Miresii,3
43698,Racovita,2
43732,Ramnicelu,2
43787,Romanu,3
43812,Rosiori,2
43867,Salcia Tudor,2
43929,Scortaru Nou,2
43992,Silistea,3
44060,Stancuta,2
44113,Surdila-Gaiseanca,3
44140,Sutesti,3
44177,Tichilesti,2
44202,Traian,2
44257,Tudor Vladimirescu,3
44300,Tufesti,3
44328,Ulmu,3
44355,Unirea,2
44391,Vadeni,1
44435,Victoria,3
44462,Visani,2
44505,Viziru,3
44532,Zavoaia,3
44560,Cazasu,1
44818,Municipiul Buzau,1
44845,Municipiul Ramnicu Sarat,1
44863,Amaru,2
44934,Balta Alba,3
44989,Balaceanu,2
45003,Beceni,3
45101,Berca,1
45245,Bisoca,3
45334,Blajani,3
45361,Boldu,2
45389,Bozioru,2
45496,Bradeanu,3
45539,Braesti,3
45619,Breaza,3
45673,Buda,2
45753,Calvini,3
45815,C.a. Rosetti,3
45888,Canesti,2
45959,Catina,2
46019,Cernatesti,3
46108,Chiliile,2
46180,Chiojdu,3
46251,Cilibia,2
46313,Cislau,3
46377,Cochirleanca,3
46439,Colti,2
46484,Costesti,1
46554,Cozieni,2
46769,Galbinasi,1
46803,Gheraseni,1
46830,Ghergheasa,3
46867,Glodeanu Sarat,3
46910,Glodeanu-Silistea,2
47006,Grebanu,3
47079,Gura Teghii,3
47159,Largu,3
47186,Lopatari,3
47300,Luciu,2
47337,Magura,3
47373,Maracineni,1
47417,Margaritesti,2
47453,Merei,1
47578,Mihailesti,3
47630,Manzalesti,3
47774,Movila Banului,3
47818,Murgesti,2
47854,Naeni,3
47916,Oras Nehoiu,1
48021,Odaile,2
48138,Padina,3
48165,Pardosi,2
48227,Panatau,2
48325,Oras Patarlagele,1
48487,Pietroasele,3
48557,Parscov,3
48682,Podgoria,3
48744,Oras Pogoanele,1
48771,Posta Calnau,1
48842,Puiesti,3
48922,Racoviteni,2
48968,Ramnicelu,3
49019,Robeasca,2
49046,Rusetu,3
49073,Sageata,3
49153,Sahateni,3
49206,Sapoca,1
49233,Sarulesti,2
49313,Scortoasa,2
49439,Scutelnici,2
49484,Siriu,3
49545,Smeeni,3
49625,Stalpu,3
49643,Tisau,2
49769,Topliceni,3
49849,Tintesti,3
49894,Ulmeni,3
49956,Vadu Pasii,1
50022,Valea Ramnicului,1
50068,Valea Salciei,2
50102,Vernesti,1
50228,Vintila Voda,3
50326,Viperesti,3
50399,Valcelele,2
50415,Zarnesti,3
50479,Ziduri,2
50549,Unguriu,3
50564,Florica,2
50790,Municipiul Resita,1
50889,Oras Anina,1
50923,Oras Baile Herculane,1
50969,Oras Bocsa,1
50987,Ocna De Fier,2
51010,Municipiul Caransebes,1
51056,Oras Moldova Noua,1
51118,Oras Oravita,1
51207,Oras Otelu Rosu,1
51243,Armenis,2
51305,Bania,2
51332,Bautar,3
51387,Berliste,2
51449,Berzasca,3
51500,Berzovia,3
51546,Bolvasnita,2
51573,Bozovici,1
51626,Brebu,2
51662,Brebu Nou,2
51699,Buchin,2
51751,Bucosnita,3
51804,Carasova,3
51840,Carbunari,3
51877,Constantin Daicoviciu,2
51948,Ciclova Romana,2
51984,Ciuchici,2
52035,Ciudanovita,2
52062,Copacele,2
52115,Cornea,3
52160,Cornereva,2
52570,Dalboset,2
52650,Doclin,3
52696,Dognecea,2
52721,Domasnea,2
52758,Ezeris,3
52785,Farliug,3
52856,Forotic,2
52909,Garnic,2
52936,Glimboca,3
52954,Goruia,2
52990,Gradinari,3
53023,Iablanita,2
53069,Lapusnicel,2
53103,Lapusnicu Mare,3
53130,Luncavita,2
53167,Lupac,2
53210,Marga,3
53247,Maureni,3
53274,Mehadia,3
53327,Mehadica,2
53345,Naidas,2
53372,Obreja,3
53425,Paltinis,3
53489,Coronini,3
53513,Pojejena,3
53577,Prigor,2
53639,Ramna,2
53675,Racasdia,3
53700,Eftimie Murgu,3
53728,Rusca Montana,3
53755,Sacu,2
53791,Sasca Montana,3
53853,Sichevita,3
54056,Slatina-Timis,3
54109,Socol,2
54163,Sopotu Nou,2
54270,Teregova,3
54305,Ticvaniu Mare,2
54350,Tarnova,2
54387,Toplet,3
54412,Turnu Ruieni,3
54485,Valiug,3
54500,Varadia,2
54537,Vermes,2
54573,Vrani,2
54617,Zavoi,2
54699,Zorlentu Mare,3
54975,Municipiul Cluj-Napoca,1
55008,Municipiul Dej,1
55062,Cuzdrioara,1
55106,Jichisu De Jos,2
55160,Mica,1
55259,Municipiul Turda,1
55277,Mihai Viteazu,1
55311,Sandulesti,1
55357,Municipiul Campia Turzii,1
55384,Municipiul Gherla,1
55446,Oras Huedin,1
55473,Aghiresu,1
55598,Aiton,3
55623,Alunis,2
55687,Apahida,1
55776,Aschileu,3
55838,Baciu,1
55918,Baisoara,3
56014,Belis,3
56096,Bobalna,3
56210,Bontida,1
56265,Borsa,3
56327,Buza,2
56354,Caianu,3
56425,Calarasi,3
56461,Calatele,3
56522,Camarasu,3
56568,Capusu Mare,3
56666,Caseiu,1
56773,Catina,3
56844,Ceanu Mare,1
56988,Chinteni,1
57083,Chiuiesti,3
57163,Ciucea,3
57225,Ciurila,1
57314,Catcau,2
57350,Cojocna,1
57449,Cornesti,3
57546,Dabaca,3
57582,Feleacu,1
57644,Fizesu Gherlii,3
57706,Floresti,1
57742,Frata,3
57831,Geaca,3
57902,Gilau,1
57948,Garbau,1
58008,Iara,1
58142,Iclod,3
58204,Izvoru Crisului,3
58259,Jucu,3
58311,Luna,1
58357,Maguri-Racatau,3
58393,Manastireni,3
58464,Margau,3
58534,Marisel,3
58552,Mintiu Gherlii,1
58623,Mociu,1
58721,Moldovenesti,3
58794,Palatca,2
58856,Panticeu,3
58918,Petrestii De Jos,3
58990,Ploscos,2
59041,Poieni,1
59130,Recea-Cristur,3
59238,Risca,3
59283,Sacuieu,3
59327,Savadisla,1
59416,Sic,1
59434,Sancraiu,1
59498,Sanmartin,2
59586,Sanpaul,3
59657,Suatu,3
59693,Tritenii De Jos,1
59764,Tureni,3
59826,Taga,3
59880,Unguras,3
59942,Vad,3
60026,Valea Ierii,3
60062,Viisoara,1
60099,Vultureni,2
60169,Negreni,3
60419,Municipiul Constanta,1
60455,Oras Eforie,1
60482,Municipiul Mangalia,1
60507,Oras Navodari,1
60534,Oras Techirghiol,1
60570,Agigea,1
60598,23-Aug,1
60632,Limanu,1
60687,Oras Ovidiu,1
60721,Tuzla,1
60776,Oras Cernavoda,1
60801,Oras Harsova,1
60847,Municipiul Medgidia,1
60883,Adamclisi,3
60945,Albesti,3
61005,Aliman,3
61069,Oras Baneasa,1
61121,Castelu,3
61167,Cerchezu,2
61210,Chirnogeni,3
61256,Ciobanu,3
61283,Ciocarlia,3
61318,Cobadin,1
61372,Cogealac,1
61452,Comana,2
61513,Corbu,1
61559,Crucea,3
61620,Cumpana,1
61675,Deleni,3
61737,Dobromir,2
61808,Garliciu,2
61826,Ghindaresti,2
61871,Independenta,2
61951,Ion Corvin,2
62020,Istria,3
62057,Lipnita,3
62137,Mereni,3
62191,Mihail Kogalniceanu,1
62253,Mihai Viteazu,3
62280,Mircea Voda,3
62360,Oras Murfatlar,1
62397,Oras Negru Voda,3
62440,Nicolae Balcescu,1
62486,Oltina,3
62538,Ostrov,2
62609,Pantelimon,3
62672,Pecineaga,2
62707,Pestera,3
62761,Poarta Alba,1
62798,Rasova,3
62823,Saraiu,2
62878,Sacele,3
62903,Seimeni,3
62949,Silistea,2
62985,Targusor,3
63045,Topalu,2
63072,Topraisar,1
63125,Valu Lui Traian,1
63152,Lumina,1
63161,Dumbraveni,2
63170,Vulturu,2
63189,Tortoman,3
63198,Amzacea,3
63278,Horia,2
63286,Costinesti,1
63294,Baraganu,3
63300,Cuza Voda,3
63318,Saligny,3
63326,Gradina,3
63334,Fantanele,3
63394,Municipiul Sfantu Gheorghe,1
63447,Oras Baraolt,1
63526,Oras Covasna,1
63553,Comandau,2
63580,Oras Intorsura Buzaului,1
63633,Barcani,3
63688,Sita Buzaului,3
63740,Municipiul Targu Secuiesc,1
63777,Aita Mare,3
63802,Batani,3
63866,Belin,3
63893,Bodoc,3
63937,Borosneu Mare,2
64005,Brates,2
64041,Bradut,3
64096,Bretcu,2
64130,Catalina,3
64194,Cernat,3
64238,Chichis,3
64265,Dobarlau,2
64318,Ghelinta,3
64345,Ghidfalau,1
64390,Haghig,2
64425,Ilieni,1
64461,Lemnia,2
64504,Malnas,2
64568,Moacsa,2
64602,Ojdula,3
64639,Ozun,1
64719,Poian,2
64773,Reci,3
64826,Sanzieni,3
64871,Turia,3
64906,Valea Crisului,1
64942,Valcele,2
64997,Varghis,2
65011,Zagon,3
65048,Zabala,3
65099,Valea Mare,2
65105,Mereni,3
65113,Arcus,1
65121,Bixad,3
65139,Micfalau,3
65147,Dalnic,2
65154,Estelnic,2
65342,Municipiul Targoviste,1
65379,Aninoasa,1
65413,Doicesti,3
65431,Razvad,1
65477,Sotanga,3
65501,Ulmi,1
65609,Oras Fieni,1
65645,Motaieni,3
65681,Oras Gaesti,3
65707,Gura Foii,3
65752,Petresti,3
65841,Municipiul Moreni,1
65869,Iedera,3
65921,Oras Pucioasa,1
66009,Branesti,3
66081,Oras Titu,1
66152,Branistea,3
66198,Baleni,1
66223,Barbuletu,2
66330,Bezdead,3
66401,Bilciuresti,2
66438,Buciumeni,3
66474,Bucsani,3
66526,Candesti,3
66580,Cobia,3
66697,Cojasca,2
66731,Comisani,3
66768,Contesti,3
66857,Corbii Mari,1
66955,Cornatelu,3
67014,Cornesti,1
67121,Costestii Din Vale,3
67167,Crangurile,2
67256,Darmanesti,1
67292,Dobra,3
67327,Dragodana,3
67407,Dragomiresti,3
67470,Finta,3
67522,Glodeni,3
67595,Gura Ocnitei,3
67648,Gura Sutii,1
67675,Hulubesti,2
67737,I. L. Caragiale,3
67773,Lucieni,3
67835,Ludesti,3
67906,Lunguletu,1
67942,Malu Cu Flori,3
68002,Manesti,3
68048,Matasaru,3
68128,Mogosani,3
68182,Moroeni,1
68253,Morteni,2
68280,Nucet,3
68324,Ocnita,3
68342,Odobesti,3
68404,Pietrosita,1
68431,Poiana,2
68468,Potlogi,3
68529,Produlesti,3
68565,Pucheni,2
68627,Oras Racari,1
68716,Runcu,3
68789,Salcioara,3
68887,Selaru,3
68921,Tatarani,3
68976,Uliesti,2
69063,Valea Lunga,3
69170,Valea Mare,3
69250,Vacaresti,3
69303,Valeni-Dambovita,3
69330,Visina,3
69394,Visinesti,2
69447,Varfuri,3
69526,Voinesti,1
69615,Vulcana-Bai,3
69900,Municipiul Craiova,1
69964,Bucovat,1
70094,Isalnita,1
70110,Podari,1
70174,Simnicu De Sus,1
70316,Municipiul Bailesti,1
70352,Municipiul Calafat,1
70414,Oras Filiasi,1
70502,Oras Segarcea,3
70520,Afumati,3
70566,Almaj,3
70637,Amarastii De Jos,3
70673,Amarastii De Sus,3
70726,Apele Vii,3
70744,Argetoaia,3
70879,Oras Bechet,3
70897,Bistret,2
70940,Barca,3
70968,Botosesti-Paia,2
70986,Brabova,2
71055,Bradesti,3
71126,Bralostita,2
71199,Bratovoesti,3
71260,Breasta,1
71340,Bulzesti,3
71457,Calopar,3
71518,Caraula,3
71536,Carpen,2
71572,Castranova,3
71607,Calarasi,3
71634,Celaru,3
71698,Cerat,3
71723,Cernatesti,2
71787,Cetate,3
71812,Cioroiasi,2
71858,Ciupercenii Noi,3
71885,Cosoveni,3
71910,Cotofenii Din Dos,3
71956,Daneti,3
72007,Oras Dabuleni,1
72034,Desa,3
72052,Diosti,3
72098,Dobresti,2
72150,Dragotesti,2
72221,Dranic,2
72276,Farcas,2
72383,Galicea Mare,3
72409,Ghercesti,3
72463,Gighera,3
72506,Giubega,2
72533,Giurgita,2
72579,Gangiova,2
72604,Gogosu,2
72640,Goicea,3
72677,Goiesti,3
72819,Grecesti,2
72882,Izvoare,2
72926,Leu,3
72953,Lipovu,2
72980,Macesu De Jos,2
73013,Macesu De Sus,3
73031,Maglavit,1
73068,Malu Mare,1
73102,Melinesti,3
73246,Mischii,1
73317,Marsani,1
73335,Motatei,3
73371,Murgasi,3
73460,Negoi,2
73503,Orodel,3
73567,Ostroveni,3
73594,Perisor,3
73629,Pielesti,3
73665,Piscu Vechi,3
73709,Plenita,3
73736,Poiana Mare,1
73772,Predesti,3
73852,Radovan,3
73905,Rast,3
73923,Robanesti,3
73996,Sadova,2
74028,Salcuta,2
74073,Scaesti,2
74108,Seaca De Camp,2
74135,Seaca De Padure,2
74171,Secu,2
74224,Silistea Crucii,2
74242,Sopot,2
74322,Teasc,3
74359,Terpezita,3
74411,Teslui,2
74509,Tuglui,3
74536,Unirea,3
74554,Urzicuta,3
74581,Valea Stanciului,3
74616,Vela,2
74705,Verbita,2
74732,Vartop,2
74750,Varvoru De Jos,3
74842,Catane,2
74859,Carcea,1
74867,Carna,2
74875,Cotofenii Din Fata,3
74883,Dobrotesti,2
74891,Galiciuica,2
74907,Ghidici,3
74915,Ghindeni,2
74923,Intorsura,3
74931,Plesoi,2
74949,Rojiste,3
74956,Talpas,2
75098,Municipiul Galati,1
75114,Sendreni,1
75150,Vanatori,1
75203,Municipiul Tecuci,1
75221,Draganesti,1
75258,Munteni,1
75338,Oras Beresti,3
75356,Beresti-Meria,2
75472,Oras Targu Bujor,1
75515,Barcea,1
75542,Balabanesti,2
75613,Balasesti,2
75668,Baleni,2
75686,Baneasa,2
75711,Branistea,1
75766,Brahasesti,3
75819,Buciumeni,2
75864,Cavadinesti,3
75917,Certesti,2
75953,Corod,1
76004,Corni,2
76040,Cosmesti,3
76111,Costache Negri,3
76139,Cuca,2
76157,Cudalbi,1
76175,Draguseni,3
76255,Fartanesti,3
76282,Foltesti,3
76317,Frumusita,3
76353,Fundeni,3
76406,Ghidigeni,3
76497,Gohor,3
76558,Grivita,3
76585,Independenta,1
76601,Ivesti,1
76638,Jorasti,2
76674,Liesti,1
76692,Matca,1
76718,Mastacani,3
76745,Movileni,2
76763,Namoloasa,2
76807,Nicoresti,3
76932,Oancea,3
76969,Pechea,3
76996,Piscu,1
77028,Priponesti,2
77082,Rediu,2
77126,Scanteiesti,2
77153,Schela,1
77180,Slobozia Conachi,3
77224,Smardan,3
77260,Smulti,2
77288,Suceveni,3
77313,Tudor Vladimirescu,3
77331,Tulucesti,1
77377,Tepu,3
77402,Umbraresti,1
77475,Valea Marului,2
77509,Varlezi,3
77536,Vladesti,3
77561,Radesti,2
77579,Negrilesti,3
77587,Poiana,2
77595,Cuza Voda,2
77601,Suhurlui,2
77812,Municipiul Targu Jiu,1
77910,Balesti,1
78016,Dragutesti,1
78089,Turcinesti,3
78141,Municipiul Motru,1
78258,Oras Novaci,3
78329,Oras Targu Carbunesti,1
78454,Oras Ticleni,3
78472,Albeni,2
78542,Alimpesti,3
78604,Aninoasa,3
78668,Arcani,3
78711,Baia De Fier,1
78748,Balanesti,3
78828,Barbatesti,2
78873,Bengesti-Ciocadia,3
78926,Berlesti,2
79004,Balteni,3
79077,Bolbosi,3
79157,Borascu,3
79237,Branesti,3
79308,Oras Bumbesti-Jiu,3
79362,Bumbesti-Pitic,3
79406,Bustuchin,3
79497,Capreni,2
79585,Catunele,3
79656,Ciuperceni,3
79736,Calnic,3
79834,Crasna,1
79932,Cruset,3
80043,Danciulesti,2
80123,Danesti,1
80249,Dragotesti,3
80285,Farcasesti,3
80365,Glogova,2
80427,Godinesti,2
80506,Hurezani,3
80560,Ionesti,2
80613,Jupanesti,3
80677,Lelesti,1
80711,Licurici,2
80766,Logresti,3
80846,Matasari,3
80908,Musetesti,3
80980,Negomir,2
81095,Pades,3
81184,Pestisani,3
81264,Plopsoru,3
81380,Polovragi,3
81415,Prigoria,3
81497,Rosia De Amaradia,2
81576,Runcu,1
81656,Samarinesti,2
81754,Sacelu,2
81816,Saulesti,3
81861,Scoarta,1
81987,Schela,3
82047,Slivilesti,2
82136,Stanesti,3
82243,Stejari,3
82314,Stoina,3
82396,Telesti,3
82430,Oras Tismana,1
82555,Turburea,3
82617,Oras Turceni,3
82680,Tantareni,2
82733,Urdari,3
82779,Vagiulesti,3
82831,Vladimir,3
82895,Oras Rovinari,3
83133,Municipiul Odorheiu Secuiesc,1
83151,Bradesti,1
83197,Feliceni,1
83320,Municipiul Miercurea Ciuc,1
83375,Pauleni-Ciuc,1
83428,Oras Baile Tusnad,3
83464,Oras Balan,1
83491,Oras Borsec,2
83525,Oras Cristuru Secuiesc,1
83561,Municipiul Gheorgheni,1
83632,Municipiul Toplita,1
83749,Oras Vlahita,1
83785,Atid,3
83847,Avramesti,3
83936,Bilbor,3
83963,Capalnita,3
83981,Ciucsangeorgiu,3
84086,Ciumani,3
84102,Carta,3
84148,Corbu,3
84175,Corund,1
84237,Danesti,1
84264,Dealu,1
84344,Ditrau,1
84380,Darjiu,2
84415,Frumoasa,1
84460,Galautas,3
84558,Joseni,1
84594,Lazarea,1
84629,Lueta,1
84656,Lunca De Jos,3
84754,Lunca De Sus,3
84825,Lupeni,1
84923,Martinis,3
85056,Meresti,3
85074,Mihaileni,3
85127,Mugeni,1
85243,Ocland,3
85289,Plaiesii De Jos,3
85341,Praid,1
85412,Remetea,1
85467,Sacel,2
85528,Sarmas,3
85582,Secuieni,3
85626,Siculeni,1
85680,Sancraieni,3
85760,Sandominic,1
85788,Sanmartin,3
85840,Sansimion,3
85877,Subcetate,3
85920,Suseni,1
85984,Simonesti,3
86133,Tulghes,3
86188,Tusnad,3
86222,Ulies,2
86311,Varsag,2
86339,Voslabeni,3
86366,Zetea,1
86438,Madaras,3
86446,Cozmeni,3
86453,Tomesti,3
86461,Ciceu,1
86479,Leliceni,3
86487,Porumbeni,3
86495,Racu,3
86501,Satu Mare,2
86519,Santimbru,3
86687,Municipiul Deva,1
86749,Carjiti,2
86810,Municipiul Hunedoara,1
86883,Ghelari,3
86936,Teliucu Inferior,1
86990,Municipiul Petrosani,1
87059,Municipiul Lupeni,1
87077,Oras Petrila,1
87139,Oras Uricani,1
87175,Municipiul Vulcan,1
87219,Oras Aninoasa,3
87246,Banita,3
87291,Municipiul Brad,1
87362,Criscior,3
87424,Oras Calan,1
87576,Oras Hateg,1
87638,Municipiul Orastie,1
87665,Oras Simeria,1
87745,Baia De Cris,1
87843,Balsa,2
87996,Baru,3
88047,Bacia,1
88092,Baita,3
88216,Batrana,2
88261,Beriu,1
88350,Blajeni,2
88449,Bosorod,3
88546,Branisca,3
88644,Bretea Romana,3
88788,Buces,2
88868,Bucuresci,3
88920,Bulzestii De Sus,2
89026,Bunila,2
89080,Burjuc,2
89151,Cerbal,2
89240,Certeju De Sus,3
89348,Densus,3
89428,Dobra,3
89561,Oras Geoagiu,1
89687,Gurasada,3
89801,Harau,3
89856,Ilia,1
89954,Lapugiu De Jos,3
90066,Lelese,2
90119,Lunca Cernii De Jos,2
90208,Luncoiu De Jos,2
90262,Martinesti,2
90342,Orastioara De Sus,3
90431,Pestisu Mic,2
90538,Pui,3
90663,Rapoltu Mare,3
90725,Rachitova,2
90805,Ribita,3
90878,Rau De Mori,3
90994,Romos,3
91054,Sarmizegetusa,2
91116,Salasu De Sus,3
91232,Santamaria-Orlea,3
91330,Soimus,1
91447,Tomesti,2
91535,Toplita,3
91624,Totesti,3
91688,Turdas,3
91731,General Berthelot,3
91795,Vata De Jos,3
91937,Valisoara,2
91982,Vetel,3
92097,Vorta,2
92177,Zam,3
92569,Municipiul Calarasi,1
92587,Modelu,1
92658,Municipiul Slobozia,1
92701,Municipiul Fetesti,1
92765,Oras Tandarei,1
92783,Albesti,3
92836,Oras Amara,1
92872,Andrasesti,2
92907,Balaciu,2
92961,Borcea,3
92989,Bordusani,3
93021,Bucu,3
93067,Oras Cazanesti,3
93085,Ciocanesti,1
93101,Ciochina,3
93156,Ciulnita,3
93209,Cocora,2
93236,Cosambesti,3
93281,Cuza Voda,3
93325,Dichiseni,2
93370,Dor Marunt,3
93441,Dorobantu,2
93487,Dragalina,3
93539,Dragos Voda,3
93575,Facaeni,3
93600,Gheorghe Doja,3
93628,Gheorghe Lazar,3
93646,Giurgeni,2
93664,Gradistea,3
93717,Grindu,3
93735,Grivita,3
93771,Independenta,3
93815,Jegalia,3
93851,Lehliu,2
93888,Oras Lehliu Gara,1
93931,Lupsanu,3
93995,Mihail Kogalniceanu,2
94045,Milosesti,2
94081,Movila,2
94107,Munteni-Buzau,3
94125,Alexandru Odobescu,2
94161,Perieti,1
94223,Perisoru,2
94269,Reviga,3
94312,Roseti,2
94330,Salcioara,2
94376,Saveni,3
94429,Scanteia,2
94456,Sfantu Gheorghe,3
94492,Stelnica,3
94535,Suditi,3
94562,Stefan Cel Mare,2
94580,Stefan Voda,2
94606,Ulmu,2
94651,Unirea,3
94688,Valea Ciorii,3
94731,Valcelele,3
94768,Vlad Tepes,2
94795,Vladeni,3
95060,Municipiul Iasi,1
95088,Barnova,1
95159,Holboca,1
95239,Rediu,1
95293,Tomesti,1
95355,Oras Harlau,1
95391,Municipiul Pascani,1
95471,Oras Targu Frumos,1
95499,Ion Neculce,3
95612,Alexandru I. Cuza,2
95667,Andrieseni,2
95747,Aroneanu,1
95792,Baltati,3
95872,Belcesti,3
95943,Bivolari,2
96003,Ungheni,3
96058,Braesti,3
96110,Butea,3
96147,Ceplenita,2
96192,Ciortesti,3
96254,Ciurea,1
96334,Coarnele Caprei,2
96370,Comarna,3
96423,Costuleni,3
96478,Cotnari,2
96593,Cozmesti,2
96637,Cristesti,3
96664,Cucuteni,2
96717,Dagata,2
96815,Deleni,3
96888,Dobrovat,3
96904,Dolhesti,2
96940,Dumesti,2
97009,Erbiceni,3
97063,Focuri,3
97090,Golaiesti,3
97189,Gorban,2
97241,Grajduri,3
97321,Gropnita,2
97394,Grozesti,2
97438,Halaucesti,3
97465,Helesteni,2
97517,Horlesti,3
97553,Ipatele,2
97606,Lespezi,3
97679,Letcani,1
97722,Lungani,2
97777,Madarjac,2
97811,Mircesti,3
97875,Mironeasa,2
97919,Miroslava,1
98051,Miroslovesti,3
98113,Mogosesti,3
98168,Mogosesti-Siret,3
98202,Mosna,2
98220,Motca,3
98257,Movileni,2
98300,Oteleni,3
98337,Plugari,2
98373,Oras Podu Iloaiei,3
98435,Popesti,3
98505,Popricani,1
98603,Prisacani,3
98649,Probota,3
98685,Raducaneni,1
98738,Romanesti,3
98774,Ruginoasa,3
98827,Schitu Duca,3
98916,Scanteia,2
98998,Scobinti,1
99058,Sinesti,2
99101,Siretel,3
99165,Stolniceni-Prajescu,3
99209,Strunga,2
99290,Scheia,3
99370,Sipote,2
99441,Tansa,2
99478,Tatarusi,3
99539,Todiresti,3
99600,Trifesti,3
99673,Tibana,3
99780,Tibanesti,3
99879,Tiganasi,3
99922,Tutora,3
99968,Valea Seaca,3
100004,Victoria,3
100086,Vanatori,2
100148,Vladeni,3
100219,Voinesti,3
100273,Bals,2
100282,Costesti,2
100308,Draguseni,2
100317,Fantanele,2
100326,Harmanesti,2
100335,Rachiteni,2
100344,Roscani,2
100353,Valea Lupului,1
100362,Ciohorani,3
100521,Municipiul Giurgiu,1
100549,Slobozia,3
100576,Oras Buftea,1
100610,Municipiul Oltenita,1
100638,Mitreni,3
100683,Municipiul Urziceni,1
100709,Ciocarlia,3
100736,Manasia,1
100754,Adancata,2
100781,Adunatii-Copaceni,1
100834,Afumati,1
100852,Alexeni,3
100870,Armasesti,2
100923,Axintele,2
100969,Balotesti,1
101001,Baneasa,3
101056,Barcanesti,3
101083,Belciugatele,3
101145,Berceni,1
101163,Bolintin-Deal,3
101190,Oras Bolintin-Vale,1
101243,Brazii,2
101298,Branesti,1
101341,Brezoaele,3
101378,Bucsani,3
101458,Oras Budesti,1
101519,Bulbucata,2
101564,Butimanu,3
101617,Buturugeni,1
101662,Calugareni,1
101724,Cascioarele,2
101742,Cernica,1
101804,Chirnogi,2
101822,Chiselet,3
101840,Ciocanesti,3
101902,Ciolpani,1
101957,Ciorogarla,1
101984,Clejani,3
102035,Clinceni,1
102071,Colibasi,3
102106,Comana,1
102160,Corbeanca,1
102213,Cornetu,1
102240,Cosereni,3
102286,Crevedia,1
102348,Crevedia Mare,3
102419,Curcani,3
102446,Daia,3
102473,Dascalu,1
102525,Darasti-Ilfov,1
102543,1 Decembrie,1
102570,Domnesti,1
102605,Dragomiresti-Vale,1
102641,Dragoesti,2
102703,Dridu,3
102749,Oras Fierbinti-Targ,3
102794,Floresti-Stoenesti,3
102838,Frasinet,2
102909,Fratesti,1
102945,Frumusani,3
103014,Fundeni,3
103032,Oras Fundulea,1
103087,Gaiseni,2
103130,Ganeasa,1
103194,Gaujani,2
103238,Ghimpati,1
103283,Garbovi,3
103309,Gogosari,3
103354,Gostinu,3
103372,Gostinari,2
103407,Gradinari,3
103443,Gradistea,1
103470,Greaca,3
103513,Gruiu,1
103568,Gurbanesti,2
103639,Hotarele,3
103693,Iepuresti,3
103764,Ileana,2
103862,Ion Roata,3
103899,Izvoarele,3
103960,Jilavele,3
103997,Joita,3
104047,Letca Noua,3
104083,Luica,2
104118,Mihai Bravu,3
104136,Oras Mihailesti,1
104181,Manastirea,3
104225,Marsa,3
104243,Moara Vlasiei,1
104270,Movilita,3
104323,Nana,3
104341,Nicolae Balcescu,2
104387,Niculesti,2
104421,Nuci,3
104485,Ogrezeni,1
104519,Oinacu,3
104546,Peris,1
104582,Petrachioaia,3
104635,Plataresti,2
104680,Prundu,1
104715,Putineiu,2
104751,Radovanu,2
104788,Rasuceni,2
104831,Roata De Jos,3
104886,Sarulesti,2
104975,Schitu,2
105026,Sinesti,3
105106,Singureni,3
105142,Slobozia Moara,3
105160,Snagov,1
105222,Sohatu,2
105259,Spantov,3
105295,Stanesti,3
105348,Stoenesti,2
105384,Soldanu,3
105419,Stefanestii De Jos,3
105455,Tamadau Mare,2
105534,Tartasesti,1
105570,Tunari,1
105605,Ulmeni,3
105623,Ulmi,2
105712,Valea Argovei,3
105776,Valea Dragului,2
105794,Valea Macrisului,2
105829,Vasilati,2
105874,Varasti,1
105909,Vedea,3
105936,Vidra,1
105972,Vanatorii Mici,2
106318,Municipiul Baia Mare,1
106363,Grosi,1
106407,Recea,1
106461,Oras Tautii-Magheraus,1
106559,Municipiul Sighetu Marmatiei,1
106620,Sarasau,3
106648,Vadu Izei,3
106684,Oras Baia Sprie,1
106746,Oras Borsa,1
106782,Oras Cavnic,1
106817,Oras Targu Lapus,3
106979,Oras Viseu De Sus,1
107001,Ardusat,3
107047,Arinis,3
107083,Asuaju De Sus,2
107118,Baita De Sub Codru,2
107154,Baiut,3
107190,Basesti,2
107234,Bicaz,2
107270,Bistra,2
107314,Barsana,3
107350,Bocicoiu Mare,3
107403,Bogdan Voda,3
107430,Boiu Mare,3
107485,Botiza,3
107519,Budesti,3
107546,Calinesti,2
107582,Cernesti,2
107662,Cicarlau,3
107715,Campulung La Tisa,3
107733,Copalnic-Manastur,1
107868,Coroieni,3
107920,Cupseni,3
107975,Desesti,3
108017,Oras Dragomiresti,3
108035,Dumbravita,2
108106,Farcasa,2
108151,Giulesti,3
108204,Ieud,2
108222,Lapus,3
108240,Leordina,3
108268,Miresu Mare,1
108348,Moisei,1
108366,Oarta De Jos,2
108400,Ocna Sugatag,1
108455,Petrova,3
108473,Poienile De Sub Munte,3
108491,Remetea Chioarului,3
108552,Remeti,3
108598,Repedea,3
108614,Rona De Jos,2
108632,Rona De Sus,1
108669,Rozavlea,3
108696,Ruscova,1
108712,Satulung,3
108794,Sacalaseni,1
108874,Sacel,3
108892,Oras Salistea De Sus,1
108918,Salsig,3
108945,Sapanta,3
108963,Oras Seini,1
109005,Stramtura,3
109041,Suciu De Sus,3
109096,Sisesti,1
109176,Oras Somcuta Mare,1
109265,Oras Ulmeni,1
109354,Valea Chioarului,3
109425,Vima Mica,2
109504,Viseu De Jos,1
109773,Municipiul Drobeta-Turnu Severin,1
109826,Simian,1
109924,Oras Baia De Arama,1
110027,Obarsia-Closani,3
110063,Municipiul Orsova,1
110116,Oras Strehaia,1
110232,Oras Vanju Mare,3
110296,Bala,3
110456,Balta,2
110535,Balacita,2
110571,Bacles,2
110688,Balvanesti,2
110740,Breznita-Motru,2
110820,Breznita-Ocol,2
110875,Brosteni,2
110946,Burila Mare,2
111006,Butoiesti,3
111097,Cazanesti,2
111220,Ciresu,2
111275,Corcova,3
111417,Corlatel,2
111444,Cujmir,3
111480,Devesel,3
111550,Darvari,2
111587,Dumbrava,2
111685,Floresti,2
111783,Garla Mare,3
111818,Godeanu,2
111863,Gogosu,3
111916,Greci,2
111989,Grozesti,2
112030,Gruia,2
112076,Hinova,3
112129,Husnicioara,2
112245,Eselnita,1
112263,Ilovat,2
112334,Ilovita,2
112370,Isverna,3
112469,Izvoru Barzii,1
112548,Jiana,2
112600,Livezile,2
112664,Malovat,3
112744,Obarsia De Camp,2
112771,Oprisor,2
112806,Padina,2
112879,Patulele,3
112904,Dubova,3
112959,Podeni,2
112995,Ponoarele,2
113153,Poroina Mare,2
113206,Pristol,2
113233,Prunisor,3
113395,Punghina,2
113466,Rogova,2
113493,Salcia,2
113518,Stangaceaua,2
113607,Svinita,3
113625,Sisesti,2
113698,Sovarna,2
113732,Tamna,2
113849,Vanatori,2
113894,Vanjulet,2
113929,Vladaia,2
113974,Voloiac,2
114060,Branistea,2
114079,Vrata,2
114319,Municipiul Targu Mures,1
114355,Cristesti,1
114382,Sancraiu De Mures,1
114417,Sangeorgiu De Mures,1
114453,Santana De Mures,1
114514,Municipiul Sighisoara,1
114603,Albesti,3
114710,Oras Ludus,1
114809,Municipiul Reghin,1
114854,Oras Sovata,1
114925,Municipiul Tarnaveni,1
114970,Acatari,1
115076,Adamus,3
115147,Alunis,3
115183,Apold,3
115236,Atintis,2
115307,Bahnea,3
115389,Band,3
115520,Batos,1
115575,Bagaciu,3
115600,Bala,2
115637,Balauseri,2
115708,Beica De Jos,3
115771,Bichis,2
115824,Bogata,3
115851,Breaza,3
115897,Brancovenesti,3
115959,Ceuasu De Campie,1
116046,Chetani,3
116126,Chiheru De Jos,2
116171,Coroisanmartin,2
116224,Cozma,2
116288,Craciunesti,1
116340,Craiesti,2
116395,Cucerdea,2
116439,Cuci,3
116493,Danes,3
116545,Deda,1
116590,Eremitu,3
116652,Ernei,1
116723,Faragau,3
116796,Fantanele,3
116867,Galesti,3
116938,Ganesti,1
116983,Gheorghe Doja,1
117042,Ghindari,3
117113,Glodeni,2
117177,Gornesti,1
117275,Grebenisu De Campie,3
117319,Gurghiu,1
117426,Hodac,3
117505,Hodosa,3
117550,Ibanesti,3
117667,Iclanzel,3
117783,Ideciu De Jos,3
117827,Oras Iernut,1
117925,Livezeni,1
117998,Lunca,3
118058,Lunca Bradului,3
118094,Magherani,2
118209,Mica,3
118281,Oras Miercurea Nirajului,1
118370,Mihesu De Campie,3
118469,Nades,2
118511,Neaua,2
118575,Ogra,3
118637,Papiu Ilarian,2
118691,Panet,3
118753,Pasareni,3
118799,Petelea,3
118824,Pogaceaua,3
118931,Rastolita,3
118995,Raciu,1
119153,Rusii-Munti,3
119206,Saschiz,1
119242,Oras Sarmasu,1
119331,Oras Sangeorgiu De Padure,1
119386,Sanger,3
119466,Sanpaul,2
119527,Sanpetru De Campie,3
119590,Solovastru,3
119625,Stanceni,3
119661,Suplac,3
119723,Suseni,3
119750,Saulia,2
119803,Sincai,2
119858,Taureni,2
119894,Oras Ungheni,1
119974,Valea Larga,2
120076,Vargata,3
120138,Vatava,2
120174,Vetca,2
120218,Viisoara,2
120254,Vanatori,3
120316,Voivodeni,3
120343,Zagar,2
120370,Zau De Campie,3
120478,Chibed,2
120487,Corunca,1
120496,Sarateni,3
120502,Madaras,2
120511,Bereni,3
120726,Municipiul Piatra-Neamt,1
120771,Dumbrava Rosie,1
120824,Savinesti,1
120860,Municipiul Roman,1
120888,Cordun,1
120922,Horia,1
120968,Oras Bicaz,1
121055,Oras Targu Neamt,1
121108,Agapia,1
121153,Bahna,2
121242,Baltatesti,3
121297,Bicaz-Chei,3
121340,Bicazu Ardelean,3
121386,Bira,3
121466,Bargauani,3
121607,Bodesti,3
121652,Borca,3
121732,Borlesti,1
121796,Botesti,3
121876,Bozieni,3
121938,Brusturi,3
122025,Ceahlau,3
122061,Candesti,3
122132,Costisa,3
122187,Cracaoani,3
122249,Damuc,3
122285,Dobreni,3
122347,Doljesti,3
122392,Dragomiresti,3
122463,Dulcesti,3
122551,Farcasa,3
122613,Faurei,3
122668,Gheraesti,1
122702,Girov,1
122828,Garcina,3
122864,Grinties,3
122908,Grumazesti,1
122953,Hangu,3
123013,Icusesti,2
123102,Ion Creanga,3
123175,Margineni,3
123228,Moldoveni,3
123255,Oniceni,2
123371,Pastraveni,3
123424,Petricani,1
123479,Piatra Soimului,3
123521,Pipirig,3
123601,Pangarati,1
123674,Podoleni,1
123709,Poienari,2
123790,Poiana Teiului,1
123914,Raucesti,1
123969,Razboieni,2
124028,Rediu,3
124073,Romani,3
124117,Oras Roznov,1
124153,Sagna,3
124206,Sabaoani,3
124233,Secuieni,3
124331,Stanita,2
124411,Stefan Cel Mare,3
124493,Tarcau,3
124563,Tasca,3
124616,Tazlau,3
124634,Tamaseni,1
124661,Timisesti,3
124723,Trifesti,3
124750,Tupilati,3
124803,Tibucani,3
124849,Urecheni,3
124885,Valea Ursului,2
124938,Alexandru Cel Bun,1
125016,Vanatori-Neamt,1
125061,Zanesti,1
125098,Dochia,2
125105,Ruginoasa,3
125114,Ghindaoani,2
125123,Valeni,3
125132,Draganesti,2
125141,Pancesti,2
125150,Gadinti,3
125169,Negresti,3
125178,Boghicea,2
125347,Municipiul Slatina,1
125374,Slatioara,1
125418,Oras Bals,1
125472,Municipiul Caracal,1
125490,Draghiceni,2
125542,Oras Corabia,1
125588,Garcov,2
125622,Oras Draganesti-Olt,1
125659,Babiciu,3
125677,Baldovinesti,2
125757,Barasti,2
125846,Barza,2
125873,Bobicesti,3
125962,Brastavatu,3
125999,Brebeni,3
126022,Brancoveni,2
126077,Bucinisu,2
126102,Cezieni,3
126148,Cilieni,2
126166,Carlogani,3
126228,Colonesti,3
126326,Corbu,2
126380,Coteana,3
126406,Crampoia,2
126433,Curtisoara,3
126503,Cungrea,2
126585,Daneasa,3
126647,Deveselu,3
126674,Dobretu,2
126718,Dobrosloveni,3
126772,Dobroteasa,3
126825,Dobrun,2
126905,Fagetelu,2
126978,Falcoiu,2
127019,Farcasele,3
127064,Ganeasa,3
127126,Giuvarasti,2
127144,Gostavatu,2
127171,Gradinari,3
127224,Grojdibodu,3
127251,Ianca,3
127288,Iancu Jianu,3
127322,Icoana,2
127368,Izbiceni,1
127386,Izvoarele,3
127411,Leleasca,2
127493,Maruntei,3
127536,Mihaesti,2
127563,Milcov,2
127625,Morunglav,2
127689,Movileni,3
127714,Nicolae Titulescu,3
127750,Obarsia,2
127812,Oboga,2
127858,Oporelu,2
127901,Optasi-Magura,2
127938,Orlea,2
127983,Osica De Sus,1
128052,Perieti,3
128105,Oras Piatra-Olt,3
128178,Parscoveni,2
128221,Plesoiu,3
128301,Poboru,2
128374,Oras Potcoava,3
128436,Priseaca,2
128472,Radomiresti,2
128524,Redea,2
128560,Rotunda,3
128588,Rusanesti,3
128613,Scarisoara,3
128659,Schitu,2
128711,Oras Scornicesti,3
128864,Seaca,2
128882,Samburesti,2
128962,Spineni,2
129040,Sprancenata,2
129095,Stoenesti,2
129111,Stoicanesti,3
129139,Strejesti,3
129184,Studina,3
129246,Serbanesti,2
129282,Stefan Cel Mare,2
129317,Tatulesti,2
129380,Teslui,3
129460,Tia Mare,3
129503,Topana,2
129567,Traian,2
129585,Tufeni,2
129629,Urzica,2
129656,Valea Mare,1
129718,Vadastra,2
129745,Vadastrita,3
129763,Valeni,2
129816,Verguleasa,3
129898,Visina,3
129914,Vitomiresti,3
129987,Valcele,3
130026,Vladila,2
130062,Voineasa,2
130124,Vulpeni,2
130231,Vulturesti,2
130286,Balteni,3
130295,Calui,2
130302,Gavanesti,2
130311,Ghimpeteni,3
130320,Gradinile,2
130339,Gura Padinii,2
130348,Ipotesti,2
130357,Osica De Jos,2
130366,Sarbii - Magura,3
130375,Visina Noua,2
130384,Soparlita,2
130534,Municipiul Ploiesti,1
130552,Barcanesti,1
130614,Berceni,3
130678,Blejoi,1
130712,Brazi,1
130785,Bucov,1
130847,Paulesti,1
130892,Targsoru Vechi,1
130954,Oras Azuga,1
130981,Oras Baicoi,1
131069,Oras Boldesti-Scaeni,1
131103,Oras Breaza,1
131210,Oras Busteni,1
131256,Municipiul Campina,1
131274,Poiana Campina,1
131336,Oras Comarnic,1
131407,Oras Mizil,1
131443,Oras Plopeni,1
131461,Dumbravesti,3
131540,Oras Sinaia,1
131577,Oras Slanic,3
131620,Oras Urlati,1
131817,Oras Valenii De Munte,1
131835,Gura Vitioarei,1
131899,Adunati,3
131933,Albesti-Paleologu,3
131988,Alunis,2
132011,Apostolache,3
132075,Aricestii Rahtivani,3
132137,Aricestii Zeletin,2
132164,Baba Ana,3
132226,Balta Doamnei,3
132271,Baltesti,3
132315,Banesti,1
132342,Bertea,3
132379,Boldesti-Gradistea,2
132404,Brebu,1
132459,Calugareni,2
132486,Carbunesti,3
132510,Ceptura,3
132574,Cerasu,3
132645,Chiojdeanca,2
132681,Ciorani,2
132716,Cocorastii Mislii,3
132752,Colceag,3
132805,Cornu,3
132841,Cosminele,2
132896,Drajna,3
133018,Draganesti,3
133090,Dumbrava,3
133161,Filipestii De Padure,1
133214,Filipestii De Targ,1
133278,Fantanele,3
133330,Floresti,1
133394,Fulga,3
133429,Gherghita,2
133508,Gorgota,1
133562,Gornet,3
133615,Gornet-Cricov,3
133688,Gura Vadului,3
133722,Iordacheanu,3
133795,Izvoarele,1
133866,Jugureni,2
133919,Lapos,2
133964,Lipanesti,1
134014,Magurele,1
134050,Magureni,3
134096,Maneciu,1
134194,Manesti,3
134336,Pacureti,2
134390,Plopu,3
134443,Podenii Noi,3
134559,Poienarii Burchii,3
134648,Posesti,3
134755,Predeal-Sarari,3
134853,Provita De Jos,2
134899,Provita De Sus,3
134942,Puchenii Mari,1
135020,Rafov,1
135128,Salcia,2
135146,Salciile,2
135164,Scorteni,1
135226,Secaria,2
135244,Sangeru,3
135315,Starchiojd,2
135404,Surani,3
135431,Sirna,1
135501,Soimari,3
135547,Sotrile,3
135618,Stefesti,3
135654,Talea,3
135681,Tataru,2
135725,Teisani,3
135789,Telega,1
135850,Tinosu,2
135896,Tomsani,3
135949,Valea Calugareasca,1
136107,Valea Doftanei,1
136134,Varbilau,1
136198,Valcanesti,3
136241,Cocorastii Colt,3
136250,Olari,2
136269,Vadu Sapat,2
136278,Batrani,3
136483,Municipiul Satu Mare,1
136526,Municipiul Carei,1
136553,Capleni,3
136599,Oras Negresti-Oas,1
136642,Oras Tasnad,1
136713,Acas,3
136768,Andrid,3
136802,Apa,3
136848,Oras Ardud,1
136919,Batarci,3
136964,Beltiug,3
137032,Berveni,3
137069,Bixad,3
137103,Barsau,3
137130,Bogdand,3
137185,Botiz,3
137229,Calinesti-Oas,1
137274,Camarzana,3
137292,Cauas,3
137363,Cehal,2
137407,Certeze,3
137443,Craidorolt,2
137504,Crucisor,3
137540,Culciu,3
137611,Doba,3
137675,Dorolt,3
137728,Foieni,2
137746,Gherta Mica,3
137764,Halmeu,3
137844,Hodod,3
137899,Homoroade,3
137960,Lazuri,1
138039,Oras Livada,1
138084,Mediesu Aurit,1
138164,Micula,1
138208,Moftin,3
138280,Odoreu,1
138351,Orasu Nou,2
138431,Paulesti,1
138501,Petresti,3
138538,Pir,2
138574,Piscolt,3
138618,Pomi,3
138663,Sanislau,3
138734,Santau,3
138770,Sacaseni,2
138805,Sauca,2
138869,Socond,3
138921,Supur,3
139009,Tarna Mare,3
139054,Terebesti,3
139107,Tiream,3
139143,Tarsolt,3
139170,Turt,3
139214,Turulung,1
139250,Urziceni,3
139287,Valea Vinului,3
139330,Vama,1
139358,Vetis,2
139394,Viile Satu Mare,1
139704,Municipiul Zalau,1
139740,Oras Cehu Silvaniei,3
139811,Oras Jibou,1
139884,Oras Simleu Silvaniei,1
139937,Agrij,3
139982,Almasu,3
140084,Babeni,3
140146,Balan,3
140208,Banisor,3
140244,Benesat,3
140280,Bobota,3
140324,Bocsa,3
140379,Buciumi,3
140440,Camar,3
140477,Carastelec,3
140501,Chiesd,3
140547,Cizer,3
140583,Coseiu,3
140627,Crasna,1
140672,Creaca,3
140770,Cristolt,2
140823,Criseni,1
140869,Cuzaplac,3
140958,Dobrin,3
141027,Dragu,2
141081,Fildu De Jos,2
141134,Galgau,3
141232,Garbou,2
141312,Halmasd,2
141376,Hereclean,1
141447,Hida,3
141535,Horoatu Crasnei,3
141580,Ileanda,3
141722,Ip,3
141786,Letca,3
141884,Lozna,2
141946,Marca,2
142006,Maeriste,3
142079,Mesesenii De Jos,1
142122,Mirsid,3
142177,Napradea,3
142239,Nusfalau,1
142284,Pericei,3
142337,Plopis,3
142373,Poiana Blenchii,2
142426,Romanasi,3
142499,Rus,2
142550,Salatig,2
142612,Sag,3
142676,Sanmihaiu Almasului,3
142710,Somes-Odorhei,2
142774,Surduc,2
142854,Samsud,3
142881,Sarmasag,1
142952,Valcau De Jos,3
143021,Varsolt,3
143067,Zalha,2
143147,Zimbor,2
143450,Municipiul Sibiu,1
143487,Cristian,1
143502,Poplaca,2
143520,Rasinari,1
143557,Selimbar,1
143619,Municipiul Medias,1
143646,Tarnava,3
143682,Oras Agnita,1
143735,Oras Cisnadie,1
143771,Oras Copsa Mica,3
143806,Oras Dumbraveni,3
143851,Oras Ocna Sibiului,3
143888,Altina,2
143922,Apoldu De Jos,2
143959,Arpasu De Jos,2
143995,Atel,3
144054,Oras Avrig,1
144116,Axente Sever,3
144152,Bazna,3
144198,Biertan,3
144232,Barghis,3
144303,Blajel,3
144349,Brateiu,3
144376,Bradeni,2
144410,Bruiu,2
144456,Chirpar,2
144508,Carta,3
144535,Cartisoara,3
144553,Darlos,3
144599,Gura Raului,3
144615,Hoghilag,3
144651,Iacobeni,2
144713,Jina,3
144731,Laslea,3
144795,Loamnes,3
144866,Ludos,2
144893,Marpod,2
144928,Oras Miercurea Sibiului,3
144964,Merghindeal,2
144991,Micasasa,3
145042,Mihaileni,2
145104,Mosna,3
145140,Nocrich,3
145202,Orlat,3
145220,Pauca,2
145275,Poiana Sibiului,3
145293,Porumbacu De Jos,1
145355,Racovita,3
145382,Rau Sadului,2
145408,Rosia,3
145471,Sadu,1
145499,Oras Saliste,3
145603,Slimnic,1
145667,Seica Mare,1
145738,Seica Mica,2
145765,Sura Mare,1
145792,Sura Mica,1
145827,Oras Talmaciu,3
145907,Tilisca,3
145934,Turnu Rosu,3
145961,Valea Viilor,2
145998,Vurpar,3
146012,Alma,2
146021,Boita,2
146263,Municipiul Suceava,1
146281,Ipotesti,1
146325,Mitocu Dragomirnei,1
146370,Oras Salcea,1
146432,Scheia,1
146502,Municipiul Campulung Moldovenesc,1
146539,Municipiul Falticeni,1
146584,Oras Gura Humorului,1
146628,Municipiul Radauti,1
146655,Oras Siret,1
146708,Oras Solca,3
146744,Municipiul Vatra Dornei,1
146799,Adancata,1
146860,Arbore,3
146904,Baia,3
146931,Oras Milisauti,3
146995,Balcauti,3
147036,Bilca,1
147054,Bogdanesti,2
147072,Boroaia,3
147134,Bosanci,3
147161,Botosana,3
147205,Breaza,3
147241,Brodina,2
147358,Oras Brosteni,1
147465,Bunesti,3
147526,Cacica,3
147580,Calafindesti,2
147633,Oras Cajvana,1
147660,Ilisesti,3
147713,Carlibaba,3
147786,Cornu Luncii,1
147884,Crucea,3
147937,Darmanesti,1
148006,Oras Dolhasca,3
148097,Dolhesti,3
148131,Dorna-Arini,3
148202,Dorna Candrenilor,2
148293,Dornesti,1
148328,Dragoiesti,3
148382,Draguseni,2
148426,Dumbraveni,1
148453,Fantanele,3
148514,Forasti,3
148612,Oras Frasin,3
148667,Fratautii Noi,3
148694,Fratautii Vechi,3
148729,Frumosu,3
148765,Fundu Moldovei,1
148872,Galanesti,3
148916,Gramesti,3
148970,Granicesti,3
149049,Horodniceni,3
149101,Horodnic De Jos,2
149138,Iacobeni,3
149183,Izvoarele Sucevei,3
149227,Oras Liteni,3
149290,Marginea,1
149316,Malini,1
149370,Manastirea Humorului,3
149414,Moara,1
149502,Moldova-Sulita,3
149539,Moldovita,3
149584,Musenita,2
149655,Ostra,3
149682,Panaci,3
149753,Paltinoasa,3
149780,Partestii De Jos,3
149833,Patrauti,3
149851,Poiana Stampei,3
149931,Pojorata,3
149968,Preutesti,3
150043,Putna,3
150070,Radaseni,3
150114,Rasca,3
150178,Sadova,1
150196,Satu Mare,3
150221,Siminicea,2
150258,Slatina,3
150294,Straja,3
150310,Stroiesti,3
150356,Stulpicani,3
150418,Sucevita,3
150445,Saru Dornei,3
150524,Todiresti,1
150588,Udesti,3
150702,Ulma,2
150766,Vadu Moldovei,3
150891,Valea Moldovei,2
150935,Vama,1
150980,Vatra Moldovitei,3
151022,Veresti,3
151077,Vicovu De Jos,3
151095,Oras Vicovu De Sus,3
151120,Volovat,1
151157,Vulturesti,2
151246,Zamostea,2
151344,Zvoristea,3
151433,Comanesti,3
151442,Iaslovat,2
151451,Ciocanesti,3
151460,Serbauti,3
151479,Horodnic De Sus,1
151488,Fantana Mare,1
151497,Cosna,3
151503,Capu Campului,3
151512,Hantesti,3
151521,Burla,2
151530,Balaceana,2
151549,Hartop,2
151558,Voitinel,3
151567,Ciprian Porumbescu,2
151576,Berchisesti,3
151585,Poieni-Solca,2
151683,Municipiul Turnu Magurele,1
151709,Ciuperceni,2
151736,Islaz,3
151763,Lita,2
151790,Municipiul Alexandria,1
151816,Nanov,1
151834,Poroschia,3
151870,Municipiul Rosiori De Vede,1
151905,Oras Videle,1
151932,Crevenicu,2
151978,Oras Zimnicea,1
151996,Balaci,3
152038,Babaita,2
152083,Blejesti,3
152127,Bogdana,2
152172,Botoroaga,3
152234,Bragadiru,3
152252,Branceni,3
152270,Bujoreni,2
152314,Bujoru,2
152332,Buzescu,3
152350,Calinesti,3
152412,Calmatuiu,2
152467,Calmatuiu De Sus,2
152500,Cervenia,3
152528,Ciolanesti,2
152564,Contesti,2
152582,Cosmesti,2
152617,Crangeni,2
152662,Crangu,2
152724,Didesti,2
152760,Dobrotesti,3
152797,Dracsenei,2
152868,Draganesti De Vede,3
152902,Draganesti-Vlasca,3
152948,Furculesti,2
152993,Frumoasa,2
153026,Galateni,3
153062,Gratia,3
153106,Izvoarele,3
153124,Lisa,2
153151,Lunca,3
153204,Mavrodin,3
153240,Magura,3
153277,Maldaeni,3
153295,Mereni,3
153339,Marzanesti,3
153384,Mosteni,2
153400,Nasturelu,3
153437,Necsesti,2
153473,Olteni,2
153507,Orbeasca,1
153543,Peretu,3
153561,Piatra,3
153589,Pietrosani,2
153605,Plosca,3
153623,Plopii-Slavitesti,2
153696,Poeni,3
153776,Vitanesti,3
153829,Putineiu,2
153865,Radoiesti,2
153909,Rasmiresti,2
153936,Salcia,2
153972,Saceni,2
154013,Scrioastea,3
154068,Scurtu Mare,2
154139,Seaca,2
154166,Sfintesti,2
154184,Segarcea-Vale,3
154228,Silistea,3
154282,Silistea-Gumesti,2
154308,Sarbeni,2
154344,Slobozia Mandra,2
154380,Smardioasa,3
154415,Stejaru,3
154460,Suhaia,3
154497,Storobaneasa,3
154521,Talpa,2
154585,Tatarastii De Jos,2
154665,Tatarastii De Sus,3
154709,Toporu,2
154736,Traian,2
154754,Trivalea-Mosteni,2
154790,Troianul,3
154834,Tiganesti,3
154852,Vedea,3
154914,Viisoara,2
154932,Vartoape,2
154978,Zambreasca,2
154996,Nenciulesti,2
155083,Beciu,2
155092,Beuca,2
155109,Dracea,3
155118,Fantanele,2
155127,Frasinet,3
155136,Purani,2
155145,Saelele,2
155154,Uda-Clocociov,2
155243,Municipiul Timisoara,1
155261,Dumbravita,1
155289,Ghiroda,1
155314,Giroc,1
155350,Municipiul Lugoj,1
155403,Oras Buzias,1
155458,Oras Deta,1
155494,Oras Jimbolia,3
155528,Oras Sannicolau Mare,3
155546,Balint,3
155591,Banloc,3
155662,Bara,2
155724,Beba Veche,3
155760,Becicherecu Mic,1
155797,Belint,1
155840,Bethausen,3
155911,Biled,3
155957,Barna,3
156035,Bogda,3
156106,Boldur,3
156151,Brestovat,2
156213,Carpinis,3
156259,Cenad,1
156277,Cenei,3
156311,Cheveresu Mare,3
156357,Oras Ciacova,1
156437,Comlosu Mare,3
156473,Costeiu,1
156534,Criciova,2
156589,Curtea,2
156623,Darova,3
156669,Denta,3
156712,Dudestii Vechi,3
156767,Dumbrava,3
156801,Oras Faget,3
156927,Fardea,3
157004,Foeni,3
157031,Gavojdia,1
157086,Oras Gataia,1
157193,Ghizela,3
157246,Giarmata,1
157273,Giera,2
157317,Giulvaz,3
157362,Jamu Mare,3
157424,Jebel,1
157451,Lenauheim,3
157497,Liebling,1
157530,Lovrin,1
157585,Margina,3
157683,Masloc,1
157736,Manastiur,2
157781,Moravita,3
157834,Mosnita Noua,1
157898,Nadrag,3
157923,Nitchidorf,3
157969,Ohaba Lunga,2
158010,Ortisoara,1
158065,Peciu Nou,1
158109,Periam,1
158136,Pietroasa,2
158181,Pischia,1
158243,Racovita,1
158314,Oras Recas,1
158396,Remetea Mare,3
158449,Sacosu Turcesc,1
158528,Satchinez,3
158564,Sacalaz,1
158608,Secas,2
158653,Sanandrei,1
158699,Sanmihaiu Roman,1
158733,Sanpetru Mare,2
158779,Sag,1
158804,Stiuca,2
158859,Teremia Mare,3
158895,Tomesti,3
158966,Topolovatu Mare,1
159035,Tormac,1
159071,Traian Vuia,3
159142,Uivar,3
159213,Varias,1
159259,Victor Vlad Delamarina,3
159339,Voiteg,3
159366,Birda,3
159375,Checea,3
159384,Dudestii Noi,3
159393,Fibis,3
159400,Ghilad,3
159419,Gottlob,3
159428,Iecea Mare,3
159437,Parta,2
159446,Padureni,3
159455,Saravale,2
159464,Sandra,1
159473,Tomnatic,3
159482,Valcani,2
159491,Livezile,2
159507,Pesac,3
159516,Bucovat,1
159525,Otelec,3
159614,Municipiul Tulcea,1
159650,Oras Babadag,1
159687,Oras Isaccea,1
159730,Oras Macin,3
159767,Oras Sulina,1
159785,Baia,3
159847,Beidaud,2
159883,C.a. Rosetti,3
159945,Carcaliu,2
159963,Casimcea,3
160047,Ceatalchioi,2
160092,Ceamurlia De Jos,3
160127,Cerna,3
160172,Chilia Veche,3
160225,Ciucurova,3
160261,Crisan,3
160305,Daeni,3
160323,Dorobantu,2
160387,Frecatei,1
160430,Greci,3
160458,Grindu,2
160476,Hamcearca,2
160528,Horia,3
160564,Izvoarele,3
160617,Jijila,3
160644,Jurilovca,1
160680,Luncavita,3
160724,Mahmudia,3
160779,Maliuc,2
160831,Mihai Bravu,3
160877,Mihail Kogalniceanu,3
160911,Murighiol,1
160993,Nalbant,3
161035,Niculitel,3
161053,Nufaru,3
161106,Ostrov,3
161133,Pardina,2
161151,Peceneaga,2
161179,Sarichioi,1
161231,Sfantu Gheorghe,3
161259,Slava Cercheza,3
161286,Smardan,2
161302,Somova,1
161348,Stejaru,3
161384,Topolog,3
161464,Turcoaia,3
161482,Valea Nucarilor,3
161525,I.c.bratianu,2
161543,Vacareni,3
161552,Bestepe,3
161561,Valea Teilor,3
161794,Municipiul Barlad,1
161829,Municipiul Husi,1
161856,Oras Negresti,1
161945,Municipiul Vaslui,1
162014,Albesti,3
162069,Alexandru Vlahuta,2
162149,Arsura,2
162194,Banca,2
162327,Bacani,3
162381,Bacesti,2
162452,Balteni,2
162498,Berezeni,3
162559,Blagesti,2
162595,Bogdana,2
162693,Bogdanesti,3
162791,Bogdanita,2
162871,Botesti,2
162924,Bunesti-Averesti,2
163002,Codaesti,3
163057,Coroiesti,2
163137,Costesti,2
163208,Cretesti,2
163253,Danesti,2
163324,Deleni,2
163379,Delesti,3
163486,Dragomiresti,3
163618,Dranceni,3
163681,Duda-Epureni,3
163734,Dumesti,2
163789,Epureni,3
163832,Falciu,2
163903,Gagesti,2
163967,Gherghesti,2
164062,Garceni,2
164133,Grivita,3
164197,Hoceni,2
164277,Dimitrie Cantemir,2
164339,Iana,2
164393,Ivanesti,2
164543,Ivesti,3
164598,Laza,3
164687,Lipovat,3
164749,Lunca Banului,3
164829,Malusteni,2
164892,Miclesti,2
164936,Muntenii De Jos,3
164981,Oras Murgeni,3
165069,Oltenesti,2
165130,Osesti,2
165185,Padureni,3
165274,Perieni,3
165336,Poienesti,3
165416,Pogana,2
165470,Puiesti,3
165611,Pungesti,3
165719,Rebricea,2
165817,Rosiesti,2
165899,Solesti,3
165979,Stanilesti,2
166057,Stefan Cel Mare,2
166137,Suletea,3
166182,Tanacu,2
166235,Tacuta,3
166315,Tatarani,2
166413,Todiresti,2
166529,Tutova,3
166636,Valeni,2
166672,Vetrisoaia,2
166707,Viisoara,2
166770,Vinderei,3
166869,Voinesti,2
166985,Vulturesti,2
167035,Vutcani,2
167071,Zapodeni,3
167179,Zorleni,3
167222,Ibanesti,2
167231,Fruntiseni,2
167240,Rafaila,2
167259,Pogonesti,2
167268,Ciocani,2
167277,Cozmesti,2
167286,Dodesti,3
167295,Feresti,3
167302,Muntenii De Sus,3
167311,Pochidia,2
167320,Puscasi,3
167473,Municipiul Ramnicu Valcea,1
167641,Oras Baile Govora,3
167696,Oras Baile Olanesti,3
167794,Oras Brezoi,1
167909,Oras Calimanesti,3
167981,Municipiul Dragasani,1
168041,Oras Horezu,1
168130,Oras Ocnele Mari,3
168229,Alunu,3
168309,Amarasti,2
168372,Oras Babeni,1
168452,Oras Balcesti,1
168559,Barbatesti,1
168602,Oras Berbesti,3
168675,Berislavesti,3
168755,Boisoara,2
168791,Budesti,1
168880,Bujoreni,1
168960,Bunesti,2
169039,Cernisoara,2
169119,Caineni,3
169182,Copaceni,3
169253,Costesti,3
169306,Creteni,3
169351,Daesti,3
169404,Danicei,3
169547,Dragoesti,2
169583,Fauresti,2
169681,Fartatesti,3
169896,Francesti,2
169994,Galicea,3
170097,Ghioroiu,2
170168,Glavile,2
170220,Golesti,3
170346,Gradistea,3
170444,Gusoeni,3
170514,Ionesti,3
170612,Lalosu,2
170685,Ladesti,2
170792,Lapusata,2
170872,Livezi,3
170952,Lungesti,3
171021,Malaia,2
171067,Mateesti,3
171101,Maciuca,2
171209,Madulari,2
171272,Maldaresti,3
171325,Mihaesti,1
171469,Milcoiu,3
171539,Muereasca,3
171628,Nicolae Balcescu,3
171806,Olanu,3
171879,Orlesti,3
171931,Otesani,2
171995,Pausesti,2
172082,Pausesti-Maglasi,3
172153,Perisani,3
172279,Pesceana,2
172340,Pietrari,3
172377,Popesti,3
172457,Prundeni,3
172509,Racovita,3
172581,Roesti,2
172698,Rosiile,2
172812,Runcu,2
172894,Salatrucel,2
172947,Scundu,2
172992,Sinesti,2
173061,Slatioara,3
173132,Stanesti,2
173230,Stoenesti,3
173374,Stoilesti,3
173533,Stroesti,3
173597,Sutesti,3
173686,Sirineasa,3
173748,Stefanesti,3
173793,Susani,3
173855,Tetoiu,2
173935,Tomsani,3
174021,Vaideeni,1
174085,Valea Mare,2
174156,Vladesti,1
174218,Voicesti,2
174254,Voineasa,3
174290,Zatreni,2
174496,Titesti,2
174502,Diculesti,3
174511,Lacusteni,2
174520,Mitrofani,2
174744,Municipiul Focsani,1
174780,Campineanca,3
174824,Golesti,1
174860,Municipiul Adjud,1
174922,Oras Marasesti,1
175019,Oras Odobesti,1
175055,Oras Panciu,1
175126,Andreiasu De Jos,2
175206,Balesti,3
175224,Barsesti,3
175260,Boghesti,2
175368,Bolotesti,1
175439,Bordesti,3
175466,Brosteni,2
175509,Chiojdeni,2
175590,Ciorasti,3
175670,Campuri,3
175732,Carligele,3
175787,Corbita,2
175885,Cotesti,1
175938,Dumbraveni,1
175983,Dumitresti,3
176150,Fitionesti,3
176212,Garoafa,3
176301,Gugesti,1
176338,Gura Calitei,3
176445,Homocea,3
176506,Jaristea,3
176551,Jitia,2
176613,Maicanesti,1
176686,Mera,3
176748,Milcovul,1
176793,Movilita,3
176855,Nanesti,3
176891,Naruja,3
176944,Nereju,3
177003,Nistoresti,3
177101,Paltin,3
177236,Paunesti,1
177263,Poiana Cristei,2
177352,Pufesti,3
177405,Racoasa,3
177469,Reghiu,2
177557,Ruginesti,3
177600,Sihlea,3
177655,Slobozia Bradului,3
177726,Slobozia Ciorasti,3
177762,Soveja,3
177799,Straoane,1
177842,Suraia,1
177879,Tanasoaia,3
177986,Tataranu,3
178046,Tamboesti,3
178117,Tulnici,3
178180,Tifesti,3
178279,Urechesti,1
178313,Valea Sarii,2
178377,Vidra,1
178475,Vintileasca,2
178545,Vizantea-Livezi,3
178607,Vanatori,1
178689,Vartescoiu,3
178750,Vrancioaia,2
178821,Vulturu,1
178885,Negrilesti,2
178894,Ploscuteni,3
178901,Popesti,1
178910,Paulesti,3
178929,Biliesti,3
178938,Gologanu,1
178947,Obrejita,2
178956,Rastoaca,3
178965,Spulber,2
179132,Municipiul Bucuresti,1
179221,Oras Bragadiru,1
179249,Chiajna,1
179285,Oras Chitila,1
179310,Dobroesti,1
179347,Glina,1
179383,Jilava,1
179409,Oras Magurele,1
179463,Mogosoaia,1
179481,Oras Otopeni,1
179515,Oras Pantelimon,1
179533,Oras Popesti Leordeni,1
179551,Oras Voluntari,1
179588,Copaceni,1
179604,Poienile Izei,2
179613,Sieu,3
179622,Grosii Tiblesului,3
179631,Treznea,3
179640,Vulcana-Pandele,3
179659,Negrilesti,3
179677,Camin,3
179686,Dumitrita,3
179695,Simisna,2
179702,Traian,3
179711,Vladeni,3
179720,Poiana Ilvei,3
179739,Malu,3
179748,Cosoba,3
179757,Herasti,3
179766,Isvoarele,2
179775,Sabareni,3
179784,Boranesti,2
179793,Buesti,2
179800,Maia,2
179819,Ograda,3
179828,Rosiori,2
179837,Coas,3
179846,Coltau,3
179855,Gardani,2
179864,Oncesti,3
179873,Agris,3
179882,Ciumesti,2
179891,Raciu,3
179908,Pietrari,2
179917,Rau Alb,2
179926,Rascaeti,3
179935,Persinari,3
179944,Runcu Salvei,2
179953,Ciceu- Mihaiesti,3
179962,Galbinasi,2
179971,Colelia,2
179980,Marculesti,3
179999,Moldoveni,2
180000,Platonesti,2
180019,Sarateni,2
180028,Porumbesti,2
180037,Boghis,3
180046,Gura Ialomitei,3
180055,Crivat,2
180064,Barbulesti,2
180091,Racsa,3
